Code,Name
5930,삼성전자
660,SK하이닉스
373220,LG에너지솔루션
207940,삼성바이오로직스
12450,한화에어로스페이스
105560,KB금융
5935,삼성전자우
5380,현대차
34020,두산에너빌리티
270,기아
68270,셀트리온
329180,HD현대중공업
35420,NAVER
55550,신한지주
28260,삼성물산
42660,한화오션
12330,현대모비스
5490,POSCO홀딩스
86790,하나금융지주
32830,삼성생명
11200,HMM
9540,HD한국조선해양
196170,알테오젠
15760,한국전력
35720,카카오
51910,LG화학
64350,현대로템
810,삼성화재
138040,메리츠금융지주
402340,SK스퀘어
316140,우리금융지주
267260,HD현대일렉트릭
96770,SK이노베이션
10140,삼성중공업
10130,고려아연
33780,KT&G
259960,크래프톤
24110,기업은행
6400,삼성SDI
34730,SK
30200,KT
323410,카카오뱅크
79550,LIG넥스원
66570,LG전자
3550,LG
18260,삼성에스디에스
17670,SK텔레콤
267250,HD현대
3670,포스코퓨처엠
6800,미래에셋증권
247540,에코프로비엠
86280,현대글로비스
272210,한화시스템
352820,하이브
298040,효성중공업
3230,삼양식품
9150,삼성전기
100,유한양행
47050,포스코인터내셔널
5830,DB손해보험
150,두산
47810,한국항공우주
3490,대한항공
443060,HD현대마린솔루션
377300,카카오페이
10120,LS ELECTRIC
71050,한국금융지주
42700,한미반도체
10620,HD현대미포
326030,SK바이오팜
90430,아모레퍼시픽
21240,코웨이
180640,한진칼
720,현대건설
880,한화
10950,S-Oil
64400,LG씨엔에스
86520,에코프로
5940,NH투자증권
9830,한화솔루션
87010,펩트론
28300,HLB
278470,에이피알
16360,삼성증권
32640,LG유플러스
29780,삼성카드
5387,현대차2우B
214450,파마리서치
39490,키움증권
161390,한국타이어앤테크놀로지
6260,LS
88980,맥쿼리인프라
250,삼천당제약
241560,두산밥캣
141080,리가켐바이오
277810,레인보우로보틱스
51900,LG생활건강
251270,넷마블
34220,LG디스플레이
4020,현대제철
138930,BNK금융지주
78930,GS
28050,삼성E&A
175330,JB금융지주
1040,CJ
103140,풍산
7660,이수페타시스
271560,오리온
307950,현대오토에버
36570,엔씨소프트
36460,한국가스공사
35250,강원랜드
145020,휴젤
298380,에이비엘바이오
11790,SKC
454910,두산로보틱스
22100,포스코DX
214150,클래시스
5385,현대차우
97950,CJ제일제당
302440,SK바이오사이언스
450080,에코프로머티
11070,LG이노텍
128940,한미약품
58470,리노공업
8930,한미사이언스
950160,코오롱티슈진
52690,한전기술
11780,금호석유화학
2380,KCC
17800,현대엘리베이터
88350,한화생명
4990,롯데지주
26960,동서
214370,케어젠
257720,실리콘투
489790,한화비전
62040,산일전기
82740,한화엔진
1440,대한전선
31210,서울보증보험
42670,HD현대인프라코어
41510,에스엠
11170,롯데케미칼
383220,F&F
12750,에스원
192820,코스맥스
39030,이오테크닉스
111770,영원무역
310210,보로노이
462870,시프트업
483650,달바글로벌
35900,JYP Ent.
2790,아모레퍼시픽홀딩스
18670,SK가스
263750,펄어비스
139480,이마트
30000,제일기획
82270,젬백스
1450,현대해상
66970,엘앤에프
4370,농심
12510,더존비즈온
139130,iM금융지주
68760,셀트리온제약
51600,한전KPS
1720,신영증권
28670,팬오션
240,한국앤컴퍼니
18880,한온시스템
161890,한국콜마
81660,미스토홀딩스
71970,HD현대마린엔진
3690,코리안리
361610,SK아이이테크놀로지
120,CJ대한통운
403870,HPSP
23530,롯데쇼핑
112610,씨에스윈드
8770,호텔신라
990,DB하이텍
14680,한솔케미칼
282330,BGF리테일
20560,아시아나항공
140860,파크시스템스
65350,신성델타테크
103590,일진전기
69620,대웅제약
375500,DL이앤씨
10060,OCI홀딩스
6040,동원산업
7340,DN오토모티브
9970,영원무역홀딩스
237690,에스티팜
6280,녹십자
7390,네이처셀
3570,SNT다이내믹스
6360,GS건설
4170,신세계
34230,파라다이스
204320,HL만도
69960,현대백화점
267270,HD현대건설기계
47040,대우건설
23590,다우기술
484870,엠앤씨솔루션
347850,디앤디파마텍
7310,오뚜기
5850,에스엘
96530,씨젠
357780,솔브레인
336260,두산퓨얼셀
122870,와이지엔터테인먼트
5290,동진쎄미켐
9420,한올바이오파마
155,두산우
294870,HDC현대산업개발
80,하이트진로
293490,카카오게임즈
35760,CJ ENM
3090,대웅
17960,한국카본
395400,SK리츠
7070,GS리테일
253450,스튜디오드래곤
82640,동양생명
1800,오리온홀딩스
11210,현대위아
328130,루닛
3540,대신증권
348370,엔켐
36930,주성엔지니어링
5440,현대지에프홀딩스
73240,금호타이어
32350,롯데관광개발
457190,이수스페셜티케미컬
240810,원익IPS
3530,한화투자증권
12630,HDC
20150,롯데에너지머티리얼즈
300720,한일시멘트
39200,오스코텍
85620,미래에셋생명
1120,LX인터내셔널
4800,효성
358570,지아이이노베이션
9450,경동나비엔
18290,브이티
178320,서진시스템
5070,코스모신소재
83650,비에이치아이
95340,ISC
5300,롯데칠성
195940,HK이노엔
00680K,미래에셋증권2우B
137310,에스디바이오센서
192080,더블유게임즈
51915,LG화학우
285130,SK케미칼
120110,코오롱인더
1430,세아베스틸지주
336570,원텍
140410,메지온
100090,SK오션플랜트
78600,대주전자재료
185750,종근당
89860,롯데렌탈
3240,태광산업
376300,디어유
280360,롯데웰푸드
229640,LS에코에너지
210,DL
330590,롯데리츠
3380,하림지주
86900,메디톡스
112040,위메이드
298020,효성티앤씨
4000,롯데정밀화학
192400,쿠쿠홀딩스
9240,한샘
64760,티씨케이
42000,카페24
100840,SNT에너지
815,삼성화재우
108490,로보티즈
6120,SK디스커버리
365550,ESR켄달스퀘어리츠
71320,지역난방공사
30610,교보증권
500,가온전선
67160,SOOP
415640,KB발해인프라
160190,하이젠알앤엠
4490,세방전지
1740,SK네트웍스
204270,제이앤티씨
89030,테크윙
98460,고영
213420,덕산네오룩스
353200,대덕전자
181710,NHN
30190,NICE평가정보
101490,에스앤에스텍
114090,GKL
323280,태성
84370,유진테크
225570,넥슨게임즈
226950,올릭스
36530,SNT홀딩스
108320,LX세미콘
3030,세아제강지주
64960,SNT모티브
950210,프레스티지바이오파마
60370,LS마린솔루션
77970,STX엔진
298050,HS효성첨단소재
14820,동원시스템즈
232140,와이씨
85660,차바이오텍
79160,CJ CGV
56190,에스에프에이
49770,동원F&B
36830,솔브레인홀딩스
39130,하나투어
290650,엘앤씨바이오
475150,SK이터닉스
670,영풍
1530,DI동일
86450,동국제약
388720,유일로보틱스
214430,아이쓰리시스템
41190,우리기술투자
14620,성광벤드
281740,레이크머티리얼즈
137400,피엔티
1680,대상
214320,이노션
00088K,한화3우B
499790,GS피앤엘
52400,코나아이
25980,아난티
5180,빙그레
200670,휴메딕스
44490,태웅
251970,펌텍코리아
8730,율촌화학
5250,녹십자홀딩스
640,동아쏘시오홀딩스
70,삼양홀딩스
248070,솔루엠
3850,보령
3470,유안타증권
2840,미원상사
381970,케이카
5690,파미셀
145720,덴티움
161580,필옵틱스
417200,LS머트리얼즈
53800,안랩
33500,동성화인텍
370,한화손해보험
218410,RFHIC
79900,전진건설로봇
7700,F&F홀딩스
268280,미원에스씨
3620,KG모빌리티
335890,비올
69260,TKG휴켐스
451800,한화리츠
5810,풍산홀딩스
222800,심텍
67310,하나마이크론
241710,코스메카코리아
82920,비츠로셀
31980,피에스케이홀딩스
97230,HJ중공업
60250,NHN KCP
2030,아세아
78130,국일제지
57050,현대홈쇼핑
66575,LG전자우
75580,세진중공업
2020,코오롱
460930,현대힘스
19170,신풍제약
383800,LX홀딩스
9410,태영건설
6650,대한유화
101730,위메이드맥스
293940,신한알파리츠
121600,나노신소재
25540,한국단자
32190,다우데이타
419530,SAMG엔터
30520,한글과컴퓨터
249420,일동제약
1570,금양
284740,쿠쿠홈시스
32820,우리기술
445680,큐리옥스바이오시스템즈
271940,일진하이솔루스
9520,포스코엠텍
10780,아이에스동서
183300,코미코
16380,KG스틸
6380,카프로
211050,인카금융서비스
1270,부국증권
5420,코스모화학
336370,솔루스첨단소재
2960,한국쉘석유
58970,엠로
33100,제룡전기
64260,다날
440110,파두
25320,시노펙스
6730,서부T&D
5880,대한해운
67630,HLB생명과학
17940,E1
2350,넥센타이어
178920,PI첨단소재
6220,제주은행
4690,삼천리
460860,동국제강
222080,씨아이에스
14830,유니드
5390,신성통상
161000,애경케미칼
453340,현대그린푸드
272290,이녹스첨단소재
281820,케이씨텍
53030,바이넥스
322000,HD현대에너지솔루션
319660,피에스케이
84110,휴온스글로벌
47920,HLB제약
58610,에스피지
93050,LF
1500,현대차증권
3300,한일홀딩스
36620,감성코퍼레이션
32500,케이엠더블유
400,롯데손해보험
89590,제주항공
145990,삼양사
00104K,CJ4우(전환)
383310,에코프로에이치엔
16800,퍼시스
71055,한국금융지주우
95660,네오위즈
189300,인텔리안테크
37270,YG PLUS
377740,바이오노트
215200,메가스터디교육
119850,지엔씨에너지
23160,태광
1060,JW중외제약
372320,큐로셀
3545,대신증권우
58650,세아홀딩스
102710,이엔에프테크놀로지
131970,두산테스나
17810,풀무원
456040,OCI
194480,데브시스터즈
34310,NICE
80220,제주반도체
344820,KCC글라스
319400,현대무벡스
29530,신도리코
99190,아이센스
97520,엠씨넥스
90460,비에이치
93370,후성
204620,글로벌텍스프리
69080,웹젠
397030,에이프릴바이오
99320,쎄트렉아이
36540,SFA반도체
2240,고려제강
348950,제이알글로벌리츠
475830,오름테라퓨틱
78340,컴투스
95610,테스
206650,유바이오로직스
24720,콜마홀딩스
52020,에스티큐브
166090,하나머티리얼즈
15750,성우하이텍
5610,SPC삼립
340570,티앤엘
399720,가온칩스
306200,세아제강
348210,넥스틴
90435,아모레퍼시픽우
304100,솔트룩스
272450,진에어
389260,대명에너지
25900,동화기업
466100,클로봇
2710,TCC스틸
17860,DS단석
59090,미코
74600,원익QnC
13890,지누스
365340,성일하이텍
389650,넥스트바이오메디컬
99430,바이오플러스
4700,조광피혁
278280,천보
241590,화승엔터프라이즈
179900,유티아이
34950,한국기업평가
183190,아세아시멘트
170900,동아에스티
314930,바이오다인
124500,아이티센글로벌
30530,원익홀딩스
9900,명신산업
18250,애경산업
403550,쏘카
458870,씨어스테크놀로지
98070,한텍
36810,에프에스티
448280,에코아이
484120,도우인시스
220100,퓨쳐켐
200130,콜마비앤에이치
357120,코람코라이프인프라리츠
215600,신라젠
3280,흥아해운
105630,한세실업
215000,골프존
93320,케이아이엔엑스
462860,더즌
31430,신세계인터내셔날
131290,티에스이
94800,맵스리얼티1
26890,스틱인베스트먼트
16590,신대양제지
35890,서희건설
91810,티웨이항공
416180,신성에스티
102940,코오롱생명과학
192650,드림텍
424870,이뮨온시아
294570,쿠콘
92790,넥스틸
127120,제이에스링크
84010,대한제강
195870,해성디에스
441270,파인엠텍
432320,KB스타리츠
46890,서울반도체
130660,한전산업
352480,씨앤씨인터내셔널
101360,에코앤드림
347700,스피어
448730,삼성FN리츠
475560,더본코리아
94480,갤럭시아머니트리
450950,아스테라시스
64550,바이오니아
3520,영진약품
34120,SBS
101160,월덱스
50890,쏠리드
16610,DB증권
27410,BGF
437730,삼현
3920,남양유업
56080,유진로봇
72710,농심홀딩스
287840,인투셀
33240,자화전자
65680,우주일렉트로
60980,HL홀딩스
3960,사조대림
900140,엘브이엠씨홀딩스
41960,코미팜
3160,디아이
950170,JTC
94170,동운아나텍
5389,현대차3우B
78160,메디포스트
122640,예스티
91700,파트론
20000,한섬
425420,티에프이
84690,대상홀딩스
108860,셀바스AI
171090,선익시스템
79370,제우스
140610,엔솔바이오사이언스
402030,코난테크놀로지
115180,큐리언트
15360,INVENI
126560,현대퓨처넷
7690,국도화학
253590,네오셈
5090,SGC에너지
157,두산2우B
1940,KISCO홀딩스
6390,한일현대시멘트
94360,칩스앤미디어
25860,남해화학
194700,노바렉스
43150,바텍
308430,셀비온
389470,인벤티지랩
101930,인화정공
13030,하이록코리아
60280,큐렉소
1200,유진투자증권
5720,넥센
93230,이아이디
243070,휴온스
256840,한국비엔씨
25770,한국정보통신
100790,미래에셋벤처투자
455900,엔젤로보틱스
33270,유나이티드제약
295310,에이치브이엠
3120,일성아이에스
11760,현대코퍼레이션
38500,삼표시멘트
104700,한국철강
82800,비보존 제약
51980,중앙첨단소재
317330,덕산테코피아
45390,대아티아이
194370,제이에스코퍼레이션
228760,지노믹트리
2310,아세아제지
481070,에이유브랜즈
51500,CJ프레시웨이
83450,GST
200880,서연이화
95500,미래나노텍
93520,매커스
144510,지씨셀
217270,넵튠
6110,삼아알미늄
115450,HLB테라퓨틱스
473980,노머스
126720,수산인더스트리
9160,SIMPAC
114190,강원에너지
472850,폰드그룹
206640,바디텍메드
3800,에이스침대
89010,켐트로닉스
45100,한양이엔지
1510,SK증권
136480,하림
452450,피아이이
136490,선진
445090,에이직랜드
286940,롯데이노베이트
41830,인바디
79940,가비아
35150,백산
230360,에코마케팅
5945,NH투자증권우
1390,KG케미칼
11930,신성이엔지
54950,제이브이엠
9290,광동제약
463020,뉴엔AI
53300,한국정보인증
17390,서울가스
260970,에스앤디
176750,듀켐바이오
420770,기가비스
377450,리파인
357550,석경에이티
123890,한국자산신탁
489460,바이오비쥬
540,흥국화재
35600,KG이니시스
68240,다원시스
151860,KG에코솔루션
34830,한국토지신탁
2320,한진
680,LS네트웍스
320,노루홀딩스
90710,휴림로봇
8970,동양철관
475960,토모큐브
2810,삼영무역
18310,삼목에스폼
48410,현대바이오
334970,프레스티지바이오로직스
10690,화신
92730,네오팜
29460,케이씨
31330,에스에이엠티
3220,대원제약
41020,폴라리스오피스
9680,모토닉
58820,CMG제약
92230,KPX홀딩스
267980,매일유업
226320,잇츠한불
84850,아이티엠반도체
439090,마녀공장
67080,대화제약
78020,LS증권
39440,에스티아이
476060,온코닉테라퓨틱스
60720,KH바텍
13120,동원개발
114840,아이패밀리에스씨
15860,일진홀딩스
377190,디앤디플랫폼리츠
256940,킵스파마
53610,프로텍
88260,이리츠코크렙
3350,한국화장품제조
5500,삼진제약
123330,제닉
418550,제이오
4360,세방
199820,제일일렉트릭
89980,상아프론테크
122900,아이마켓코리아
950140,잉글우드랩
378340,필에너지
108670,LX하우시스
237880,클리오
214420,토니모리
1230,동국홀딩스
8060,대덕
27360,아주IB투자
252990,샘씨엔에스
265520,AP시스템
104830,원익머트리얼즈
49070,인탑스
36220,오상헬스케어
12030,DB
1790,대한제당
270520,앱트뉴로사이언스
4430,송원산업
96760,JW홀딩스
51905,LG생활건강우
107640,한중엔시에스
86390,유니테스트
394280,오픈엣지테크놀로지
461300,아이스크림미디어
36890,진성티이씨
1820,삼화콘덴서
23410,유진기업
48870,시너지이노베이션
310200,애니플러스
0030R0,대신밸류리츠
200710,에이디테크놀로지
298830,슈어소프트테크
1340,PKC
7810,코리아써키트
5010,휴스틸
58430,포스코스틸리온
138610,나이벡
90360,로보스타
339770,교촌에프앤비
51360,토비스
67390,아스트
356860,티엘비
39840,디오
89970,브이엠
389020,자람테크놀로지
37710,광주신세계
1130,대한제분
1630,종근당홀딩스
254490,미래반도체
7570,일양약품
34810,해성산업
179290,엠아이텍
348340,뉴로메카
24850,HLB이노베이션
338220,뷰노
99440,스맥
138490,코오롱ENP
393890,더블유씨피
39570,HDC랩스
121800,비덴트
25000,KPX케미칼
182360,큐브엔터
14940,오리엔탈정공
490,대동
6060,화승인더
148150,세경하이테크
480,CR홀딩스
240550,동방메디컬
372170,윤성에프앤씨
216080,제테마
457550,우진엔텍
1460,BYC
234030,싸이닉솔루션
150840,인트로메딕
36800,나이스정보통신
199800,툴젠
60150,인선이엔티
110990,디아이티
475400,씨메스
23760,한국캐피탈
65660,안트로젠
121440,골프존홀딩스
140,하이트진로홀딩스
108380,대양전기공업
95720,웅진씽크빅
290690,소룩스
95700,제넥신
293780,압타바이오
96040,이트론
7160,사조산업
304360,에스바이오메딕스
376900,로킷헬스케어
7860,서연
371950,풍원정밀
33640,네패스
900290,GRT
3200,일신방직
44450,KSS해운
452430,사피엔반도체
119610,인터로조
36030,케이티알파
43370,피에이치에이
114810,한솔아이원스
236200,슈프리마
144960,뉴파워프라즈마
298690,에어부산
35810,이지홀딩스
168360,펨트론
78520,에이블씨엔씨
53210,스카이라이프
334890,이지스밸류플러스리츠
8490,서흥
11500,한농화성
487570,HS효성
208340,파멥신
380550,뉴로핏
123860,아나패스
47560,이스트소프트
68930,디지털대성
117580,대성에너지
3000,부광약품
174900,앱클론
205500,넥써쓰
520,삼일제약
323990,박셀바이오
452260,한화갤러리아
1780,알루코
35510,신세계 I&C
459510,나우로보틱스
1750,한양증권
430,대원강업
4980,성신양회
118990,모트렉스
84680,이월드
2900,TYM
37560,LG헬로비전
126700,하이비젼시스템
5710,대원산업
33920,무학
42370,비츠로테크
2150,도화엔지니어링
18000,유니슨
158430,아톤
16580,환인제약
16880,웅진
10820,퍼스텍
1250,GS글로벌
136150,원일티엔아이
5680,삼영전자
356680,엑스게이트
28100,동아지질
92040,아미코젠
476040,오가노이드사이언스
80160,모두투어
61970,LB세미콘
203400,에이비온
102460,이연제약
417310,코람코더원리츠
5160,동국산업
394800,쓰리빌리언
42420,네오위즈홀딩스
57880,푸른소나무
230240,에치에프알
102260,동성케미컬
101970,우양에이치씨
260870,SK시그넷
105840,우진
293480,하나제약
64820,케이프
53690,한미글로벌
79960,동양이엔피
6340,대원전선
307750,국전약품
101530,해태제과식품
5430,한국공항
272550,삼양패키징
404990,신한서부티엔디리츠
263860,지니언스
30210,다올투자증권
128820,대성산업
271980,제일약품
36200,유니셈
213500,한솔제지
4380,삼익THK
104460,디와이피엔에프
105550,엣지파운드리
17890,한국알콜
50,경방
305090,마이크로디지탈
51370,인터플렉스
484810,티엑스알로보틱스
270660,에브리봇
53580,웹케시
39830,오로라
214180,헥토이노베이션
190510,나무가
35080,그래디언트
100120,뷰웍스
288330,브릿지바이오테라퓨틱스
117730,티로보틱스
263720,디앤씨미디어
112290,와이씨켐
46440,KG모빌리언스
340450,지씨지놈
6405,삼성SDI우
71840,롯데하이마트
360070,탑머티리얼
19680,대교
255220,SG
86820,바이오솔루션
36560,KZ정밀
67280,멀티캠퍼스
285490,노바텍
458650,성우
7460,에이프로젠
3650,미창석유
65710,서호전기
86890,이수앱지스
32620,유비케어
368770,파이버프로
234080,JW생명과학
92130,이크레더블
11785,금호석유화학우
267320,나인테크
24810,이화전기
38390,레드캡투어
182400,엔케이맥스
97955,CJ제일제당 우
36420,콘텐트리중앙
70960,모나용평
362320,청담글로벌
54450,텔레칩스
460850,동국씨엠
11000,진원생명과학
950130,엑세스바이오
4560,현대비앤지스틸
122450,KX
102120,어보브반도체
18470,조일알미늄
126600,BGF에코머티리얼즈
1045,CJ우
19210,와이지-원
331740,아우토크립트
36190,금화피에스시
3555,LG우
96250,와이즈넛
83930,아바코
234340,헥토파이낸셜
95570,AJ네트웍스
432720,퀄리타스반도체
91120,이엠텍
23910,대한약품
2100,경농
69510,에스텍
3547,대신증권2우B
20,동화약품
44820,코스맥스비티아이
134380,미원화학
83420,그린케미칼
115310,인포바인
37460,삼지전자
24060,흥구석유
210980,SK디앤디
88800,에이스테크
109740,디에스케이
77360,덕산하이메탈
4710,한솔테크닉스
81000,일진다이아
126340,비나텍
80420,모다이노칩
16790,현대사료
482630,삼양엔씨켐
11040,경동제약
100250,진양홀딩스
297090,씨에스베어링
71280,로체시스템즈
9070,KCTC
201490,미투온
353810,이지바이오
337930,젝시믹스
108230,톱텍
464080,에스오에스랩
54210,이랜텍
3070,코오롱글로벌
83310,엘오티베큠
241520,DSC인베스트먼트
89600,KT나스미디어
299030,하나기술
211270,AP위성
125020,티씨머티리얼즈
203650,드림시큐리티
123040,엠에스오토텍
9270,신원
205470,휴마시스
9155,삼성전기우
3830,대한화섬
229500,노브메타파마
10580,에스엠벡셀
90350,노루페인트
122990,와이솔
39980,폴라리스AI
298540,더네이쳐홀딩스
456010,아이씨티케이
388050,지투파워
53350,이니텍
73010,케이에스피
02826K,삼성물산우B
4090,한국석유
33160,엠케이전자
68290,삼성출판사
3610,방림
143160,아이디스
462520,조선내화
107590,미원홀딩스
9470,삼화전기
25820,이구산업
15230,대창단조
13990,아가방컴퍼니
13580,계룡건설
338840,와이바이오로직스
439580,블루엠텍
453450,그리드위즈
78070,유비쿼스홀딩스
98120,마이크로컨텍솔
322310,오로스테크놀로지
86980,쇼박스
363280,티와이홀딩스
11330,유니켐
234690,녹십자웰빙
9580,무림P&P
16450,한세예스24홀딩스
92460,한라IMS
123690,한국화장품
47310,파워로직스
89890,코세스
10955,S-Oil우
38290,마크로젠
25950,동신건설
63080,컴투스홀딩스
192440,슈피겐코리아
84650,랩지노믹스
143240,사람인
390,삼화페인트
78150,HB테크놀러지
109610,에스와이
297890,HB솔루션
104480,티케이케미칼
389140,포바이포
4250,NPC
00279K,아모레퍼시픽홀딩스3우C
970,한국주철관
5950,이수화학
2390,한독
2170,삼양통상
330860,네패스아크
71200,인피니트헬스케어
377030,비트맥스
52330,코텍
66620,국보디자인
251120,바이오에프디엔씨
860,강남제비스코
4140,동방
450140,코오롱모빌리티그룹
3460,유화증권
32300,한국파마
92200,디아이씨
300,DH오토넥스
299900,위지윅스튜디오
23600,삼보판지
79430,현대리바트
462350,이노스페이스
94820,일진파워
6840,AK홀딩스
4970,신라교역
131370,알서포트
7110,일신석재
51160,지어소프트
63570,NICE인프라
443670,에스피소프트
59210,메타바이오메드
27970,한국제지
37070,파세코
46070,코다코
700,유수홀딩스
53080,케이엔솔
100130,동국S&C
8110,대동전자
336680,탑런토탈솔루션
3480,한진중공업홀딩스
92220,KEC
8350,남선알미늄
8040,사조동아원
274090,켄코아에어로스페이스
303810,동국생명과학
60590,씨티씨바이오
15890,태경산업
205100,엑셈
38110,에코플라스틱
460870,에스엠씨지
79810,디이엔티
63170,서울옥션
382900,범한퓨얼셀
139990,아주스틸
90850,현대이지웰
136540,윈스테크넷
300080,플리토
405100,큐알티
16710,대성홀딩스
24090,디씨엠
322510,제이엘케이
6910,보성파워텍
175140,휴먼테크놀로지
96240,크레버스
8830,대동기어
78140,대봉엘에스
217820,원익피앤이
5860,한일사료
94280,효성ITX
354320,알멕
243840,신흥에스이씨
1360,삼성제약
12320,경동인베스트
73490,이노와이어리스
31440,신세계푸드
1520,동양
210540,디와이파워
7330,푸른저축은행
163280,에어레인
361390,제노코
418420,라온텍
350520,이지스레지던스리츠
68790,DMS
12800,대창
23440,제이스코홀딩스
6490,인스코비
49720,고려신용정보
92070,디엔에프
235980,메드팩토
251370,와이엠티
475580,에이럭스
298000,효성화학
408900,스튜디오미르
217950,파마리서치바이오
289220,자이언트스텝
93640,케이알엠
14710,사조씨푸드
7210,벽산
52260,현대바이오랜드
156100,엘앤케이바이오
206560,덱스터
6620,동구바이오제약
60570,드림어스컴퍼니
5990,매일홀딩스
69460,대호에이엘
86710,선진뷰티사이언스
84990,헬릭스미스
14580,태경비케이
48530,인트론바이오
17370,우신시스템
226400,오스테오닉
11280,태림포장
382840,원준
191420,테고사이언스
41440,현대에버다임
66410,버킷스튜디오
425040,티이엠씨
92190,서울바이오시스
9780,엠에스씨
418470,KT밀리의서재
290670,대보마그네틱
272110,케이엔제이
400760,NH올원리츠
282880,코윈테크
123410,코리아에프티
64800,포니링크
54920,한컴위드
27710,팜스토리
365330,에스와이스틸텍
14280,금강공업
78000,텔코웨어
67000,조이시티
7540,샘표
40300,YTN
67990,도이치모터스
411080,샌즈랩
377480,마음AI
49950,미래컴퍼니
2620,제일파마홀딩스
140670,알에스오토메이션
5870,휴니드
33180,KH 필룩스
317400,자이에스앤디
264850,이랜시스
78350,한양디지텍
14970,삼륭물산
52710,아모텍
6805,미래에셋증권우
20120,키다리스튜디오
443250,레뷰코퍼레이션
290550,디케이티
54050,농우바이오
29480,광무
950190,고스트스튜디오
12610,경인양행
451760,컨텍
4080,신흥
4150,한솔홀딩스
83790,CG인바이츠
214260,라파스
10100,한국무브넥스
244920,에이플러스에셋
33340,좋은사람들
393970,대진첨단소재
106190,하이텍팜
30960,양지사
267850,아시아나IDT
83660,CSA 코스믹
11560,세보엠이씨
214330,금호에이치티
321550,티움바이오
376270,에이치이엠파마
39340,한국경제TV
3720,삼영
419120,산돌
463480,모티브링크
3100,선광
72870,메가스터디
95190,이엠코리아
225530,HC보광산업
269620,시스웍
119830,아이텍
89470,HDC현대EP
48910,대원미디어
52420,오성첨단소재
207760,미스터블루
204610,티쓰리
42510,라온시큐어
3580,HLB글로벌
311690,CJ 바이오사이언스
332570,PS일렉트로닉스
48550,SM C&C
18120,진로발효
35000,HS애드
63160,종근당바이오
92870,엑시콘
448710,코츠테크놀로지
160980,싸이맥스
1020,페이퍼코리아
86960,MDS테크
47820,초록뱀미디어
19440,세아특수강
333430,일승
474170,루미르
241770,메카로
131400,이브이첨단소재
19550,SBI인베스트먼트
456070,이엔셀
149950,아바텍
2990,금호건설
49960,쎌바이오텍
293580,나우IB
474650,링크솔루션
123420,위메이드플레이
389500,에스비비테크
54800,아이디스홀딩스
4310,현대약품
26150,특수건설
44990,에이치엔에스하이텍
58630,엠게임
67900,와이엔텍
120030,조선선재
435570,에르코스
14160,대영포장
317770,엑스페릭스
124560,태웅로직스
33530,SJG세종
102370,케이옥션
136410,아셈스
142210,유니트론텍
49470,SGA
12700,리드코프
452280,한선엔지니어링
6890,태경케미컬
3060,에이프로젠바이오로직스
5960,동부건설
278650,HLB바이오스텝
105,유한양행우
315640,딥노이드
248170,샘표식품
14530,극동유화
43610,KT지니뮤직
424960,스마트레이더시스템
214390,경보제약
77500,유니퀘스트
163730,핑거
396470,워트
15590,DKME
480370,씨케이솔루션
214680,디알텍
151910,퓨처코어
282720,금양그린파워
33290,코웰패션
950220,네오이뮨텍
101670,하이드로리튬
93190,빅솔론
32940,원익
289860,지슨
370090,퓨런티어
66590,우수AMS
214270,FSN
267290,경동도시가스
199430,케이엔알시스템
99750,이지케어텍
13570,디와이
264450,유비쿼스
147830,제룡산업
11690,와이투솔루션
5800,신영와코루
80580,오킨스전자
264660,씨앤지하이테크
170920,엘티씨
44340,위닉스
23900,풍국주정
39610,화성밸브
71090,하이스틸
146320,비씨엔씨
49520,유아이엘
100700,세운메디칼
2200,한국수출포장
11700,한신기계
461030,아이엠비디엑스
382150,온코크로스
21080,에이티넘인베스트
65450,빅텍
42520,한스바이오메드
220260,켐트로스
451250,삐아
9300,삼아제약
5740,크라운해태홀딩스
227840,현대코퍼레이션홀딩스
93240,형지엘리트
413640,비아이매트릭스
264900,크라운제과
17550,수산세보틱스
2450,삼익악기
489500,엘케이켐
35610,솔본
228670,레이
41590,플래스크
260930,씨티케이
296160,프로젠
900250,크리스탈신소재
39560,다산네트웍스
289930,웨이비스
34590,인천도시가스
317870,엔바이오니아
131030,옵투스제약
64290,인텍플러스
58850,KTcs
299660,셀리드
219130,타이거일렉
382800,지앤비에스 에코
110790,크리스에프앤씨
13310,아진산업
45660,에이텍
66700,테라젠이텍스
42600,새로닉스
83500,에프엔에스테크
27050,코리아나
452400,이닉스
408920,메쎄이상
23450,동남합성
88390,이녹스
10660,화천기계
39860,나노엔텍
228850,레이언스
2460,HS화성
16740,두올
168330,내츄럴엔도텍
41920,메디아나
6660,삼성공조
39020,이건홀딩스
19010,베뉴지
65510,휴비츠
309960,LB인베스트먼트
4890,동일산업
208370,셀바스헬스케어
21320,KCC건설
452190,한빛레이저
82850,우리바이오
402490,그린리소스
115500,케이씨에스
17900,광전자
56090,시지메드텍
180,성창기업지주
2780,진흥기업
38540,상상인
11810,STX
79980,휴비스
417010,나노팀
223310,딥마인드
67830,세이브존I&C
21820,세원정공
17510,세명전기
417500,제이아이테크
8700,아남전자
24800,유성티엔에스
4840,DRB동일
302550,리메드
91580,상신이디피
226590,엠디바이스
8260,NI스틸
85670,뉴프렉스
54670,대한뉴팜
259630,엠플러스
234300,에스트래픽
396270,넥스트칩
41520,이엘씨
125210,아모그린텍
141000,비아트론
396690,미래에셋글로벌리츠
46120,오르비텍
93920,서원인텍
107600,새빗켐
12860,모베이스전자
445180,퓨릿
322180,LS티라유텍
53280,예스24
407400,꿈비
49430,코메론
348150,고바이오랩
60310,3S
277880,티에스아이
347860,알체라
65500,오리엔트정공
11150,CJ씨푸드
253840,수젠텍
230,일동홀딩스
61250,화일약품
19590,에스유앤피
33320,제이씨현시스템
126880,제이엔케이글로벌
393210,토마토시스템
357230,에이치피오
352090,스톰테크
138080,오이솔루션
216050,인크로스
2700,신일전자
36580,팜스코
73560,우리손에프앤지
10170,대한광통신
64090,인크레더블버즈
321820,아티스트컴퍼니
590,CS홀딩스
307930,컴퍼니케이
419050,삼기에너지솔루션즈
255440,야스
23000,삼원강재
1540,안국약품
417790,트루엔
2720,국제약품
126730,코칩
33230,인성정보
225190,LK삼양
32560,황금에스티
476080,M83
1080,만호제강
261200,덴티스
67570,엔브이에이치코리아
475430,키스트론
166480,코아스템켐온
24880,케이피에프
170030,현대공업
119650,KC코트렐
163560,동일고무벨트
60560,HC홈센타
14790,HL D&I
40420,정상제이엘에스
84730,팅크웨어
58400,KNN
273640,와이엠텍
53700,삼보모터스
330350,위더스제약
212710,아이에스티이
263700,케어랩스
40350,크레오에스지
209640,와이제이링크
111710,남화산업
226330,신테카바이오
388610,지에프씨생명과학
200470,에이팩트
120240,대정화금
366030,공구우먼
215100,로보로보
101140,인바이오젠
58860,KTis
440,중앙에너비스
41930,동아화성
48430,유라테크
232530,이엠티
66790,씨씨에스
348350,위드텍
45970,코아시아
13520,화승코퍼레이션
10040,한국내화
475460,미트박스
4650,창해에탄올
72020,중앙백신
210120,캔버스엔
381620,제닉스
396300,세아메카닉스
347890,엠투아이
180400,DXVX
12690,모나리자
200350,아티스트스튜디오
11390,부산산업
262260,에이프로
94850,참좋은여행
27830,대성창투
23800,인지컨트롤스
41910,폴라리스AI파마
215090,솔디펜스
234100,폴라리스세원
03473K,SK우
6880,신송홀딩스
36630,세종텔레콤
159580,제로투세븐
479960,위너스
14470,부방
6090,사조오양
380540,옵티코어
149980,하이로닉
43710,서울리거
162300,신스틸
432470,케이엔에스
33790,피노
96775,SK이노베이션우
4960,한신공영
74430,아미노로직스
384470,코어라인소프트
54620,APS
1560,제일연마
4830,덕성
453860,에이에스텍
111380,동인기연
46210,HLB파나진
241840,에이스토리
6140,피제이전자
11370,서한
187420,HLB제넥스
183490,엔지켐생명과학
14200,광림
9200,무림페이퍼
2600,조흥
140070,서플러스글로벌
306620,네온테크
14990,인디에프
145170,노브랜드
86670,비엠티
307870,비투엔
14440,영보화학
204840,지엘팜텍
339950,아이비김영
347740,피엔케이피부임상연구센타
64850,에프앤가이드
134580,탑코미디어
208140,정다운
57680,티사이언티픽
137950,제이씨케미칼
222110,팬젠
232680,라온테크
36640,HRS
53450,세코닉스
129260,인터지스
314130,지놈앤컴퍼니
130580,나이스디앤비
104620,노랑풍선
246720,아스타
192250,케이사인
67290,JW신약
89850,유비벨록스
446540,메가터치
84180,수성웹툰
265740,엔에프씨
294140,레몬
289080,SV인베스트먼트
7280,한국특강
222040,코스맥스엔비티
36000,예림당
142280,녹십자엠에스
355150,코스텍시스
265560,영화테크
53050,지에스이
99220,SDN
4100,태양금속
263800,데이타솔루션
432430,와이랩
2800,신신제약
9180,한솔로지스틱스
478560,블랙야크아이앤씨
460940,피앤에스로보틱스
199550,레이저옵텍
32850,비트컴퓨터
338100,NH프라임리츠
7590,동방아그로
7720,소노스퀘어
459100,위츠
11230,삼화전자
1260,남광토건
10960,삼호개발
67370,선바이오
185490,아이진
378800,샤페론
42940,상지건설
4590,한국가구
43100,알파녹스
43650,국순당
42500,링네트
2230,피에스텍
88340,유라클
32540,TJ미디어
16090,대현
452200,민테크
36090,위지트
54300,팬스타엔터프라이즈
53260,금강철강
413390,엠오티
357580,아모센스
199480,뱅크웨어글로벌
122310,제노레이
54780,키이스트
13360,일성건설
105740,디케이락
330730,스톤브릿지벤처스
246710,티앤알바이오팹
24900,디와이덕양
7370,진양제약
24830,세원물산
373160,데이원컴퍼니
38680,에스넷
33310,엠투엔
25550,한국선재
317690,퀀타매트릭스
78935,GS우
462310,뉴키즈온
173130,오파스넷
215360,우리산업
311320,지오엘리먼트
223250,드림씨아이에스
180060,탑선
78860,엔에스이엔엠
206400,베노티앤알
222810,세토피아
171120,라이온켐텍
43910,자연과환경
38460,바이오스마트
382480,지아이텍
100220,비상교육
403490,우듬지팜
12210,삼미금속
250060,모비스
68330,일신바이오
54040,한국컴퓨터
36120,서울평가정보
49480,오픈베이스
412540,제일엠앤에스
61040,알에프텍
300120,라온피플
251630,브이원텍
417860,오브젠
365590,하이딥
2630,오리엔트바이오
81150,티플랙스
39240,경남스틸
81180,쎄크
36670,삼양케이씨아이
104540,코렌텍
372910,한컴라이프케어
2795,아모레퍼시픽홀딩스우
219750,한국비티비
198440,강동씨앤엘
41460,한국전자인증
16250,SGC E&C
3925,남양유업우
12790,신일제약
333620,엔시스
1470,삼부토건
33626K,두산퓨얼셀1우
222160,NPX
261780,차백신연구소
4540,깨끗한나라
442900,미래에셋드림스팩1호
4720,팜젠사이언스
351870,차이커뮤니케이션
43260,성호전자
101330,모베이스
1275,부국증권우
357880,SKAI
31820,아이티센씨티에스
347000,센코
20710,시공테크
217730,강스템바이오텍
288620,에스퓨얼셀
111110,호전실업
187870,디바이스
36710,심텍홀딩스
388870,파로스아이바이오
80530,코디
13870,지엠비코리아
451220,아이엠티
4450,삼화왕관
220,유유제약
96350,대창솔루션
128660,피제이메탈
1290,상상인증권
320000,한울반도체
52220,iMBC
203690,아크솔루션스
302430,이노메트리
7820,에스엠코어
355390,크라우드웍스
50960,수산아이앤티
38880,아이에이
263600,덕우전자
94840,슈프리마에이치큐
3560,IHQ
11320,유니크
4910,조광페인트
187660,현대ADM
10770,평화홀딩스
448900,한국피아이엠
910,유니온
218150,미래생명자원
1380,SG글로벌
109860,동일금속
308080,바이젠셀
444530,심플랫폼
2220,한일철강
7980,TP
9835,한화솔루션우
4870,티웨이홀딩스
153710,옵티팜
62970,한국첨단소재
37950,엘컴텍
92440,기신정기
466410,사이냅소프트
15710,코콤
950200,소마젠
348080,큐라티스
417840,저스템
39420,케이엘넷
9770,삼정펄프
17480,삼현철강
388790,라이콤
186230,그린플러스
10470,오리콤
234920,자이글
19990,에너토크
189980,흥국에프엔비
241690,유니테크노
419080,엔젯
52790,액토즈소프트
177900,쓰리에이로직스
457370,한켐
24740,한일단조
66310,큐에스아이
3780,진양산업
109960,AP헬스케어
37350,성도이엔지
64240,홈캐스트
352700,씨앤투스
36010,아비코전자
40910,아이씨디
196300,HLB펩
376930,노을
195990,에이비프로바이오
50110,캠시스
307180,아이엘
5750,대림바스
148780,비큐AI
241790,티이엠씨씨엔에스
2140,고려산업
317830,에스피시스템스
69920,엑시온그룹
850,화천기공
49630,재영솔루텍
102280,쌍방울
369370,블리츠웨이엔터테인먼트
33830,티비씨
417970,모델솔루션
294630,서남
188040,바이오포트
38070,서린바이오
127980,화인써키트
44060,조광ILI
155650,와이엠씨
37550L,DL이앤씨2우(전환)
47400,유니온머티리얼
72130,유엔젤
55490,테이팩스
73640,테라사이언스
63440,SM Life Design
260660,알리코제약
11300,성안머티리얼스
101170,우림피티에스
75180,새론오토모티브
175250,아이큐어
42110,에스씨디
105330,케이엔더블유
1550,조비
18500,동원금속
54930,유신
365270,큐라클
65530,와이어블
9190,대양금속
142760,모아라이프플러스
66980,한성크린텍
6370,대구백화점
73570,리튬포어스
53980,오상자이엘
120115,코오롱인더우
277070,린드먼아시아
24840,KBI메탈
97780,에코볼트
291230,엔피
90410,덕신이피씨
256630,포인트엔지니어링
455180,케이지에이
115440,우리넷
3010,혜인
54540,삼영엠텍
311390,네오크레마
226360,KH 건설
357250,미래에셋맵스리츠
4060,SG세계물산
95270,웨이브일렉트로
4770,써니전자
290090,트윔
263050,유틸렉스
471820,셀로맥스사이언스
53270,구영테크
200230,텔콘RF제약
309930,오하임앤컴퍼니
91090,세원이앤씨
148250,알엔투테크놀로지
340360,다보링크
9730,이렘
47770,코데즈컴바인
204020,그리티
4440,삼일씨엔에스
122830,원포유
10280,아이티센엔텍
91440,한울소재과학
21880,메이슨캐피탈
13720,THE CUBE&
364950,에이아이코리아
250000,보라티알
17650,대림제지
373200,엑스플러스
465480,인스피언
376180,피코그램
13700,까뮤이앤씨
37440,희림
217330,싸이토젠
90470,제이스텍
72990,에이치시티
237820,플레이디
290660,네오펙트
391710,코닉오토메이션
301300,바이브컴퍼니
1210,금호전기
105760,포스뱅크
10240,흥국
49550,잉크테크
101000,KS인더스트리
481850,신한글로벌액티브리츠
21050,서원
11420,갤럭시아에스엠
87260,모바일어플라이언스
41650,상신브레이크
85310,엔케이
89150,케이씨티
239610,에이치엘사이언스
890,보해양조
224110,에이텍모빌리티
65130,탑엔지니어링
37230,한국팩키지
65650,하이퍼코퍼레이션
7680,대원
59120,아진엑스텍
160550,NEW
155660,DSR
71670,에이테크솔루션
72470,우리산업홀딩스
40610,SG&G
189690,포시에스
66130,하츠
378850,화승알앤에이
111870,KH 미래물산
450330,하스
129920,대성하이텍
236810,엔비티
263690,디알젬
12160,영흥
67920,이글루
64480,브리지텍
227950,엔투텍
208860,엔지스테크널러지
332370,아이디피
171010,램테크놀러지
3310,대주산업
172670,에이엘티
331380,포커스에이아이
340930,유일에너테크
389030,지니너스
23810,인팩
39010,현대에이치티
45340,토탈소프트
7530,와이엠
4780,대륙제관
66670,디티씨
94940,푸른기술
65950,웰크론
462510,라메디텍
317850,대모
650,천일고속
2920,유성기업
318020,포인트모바일
24910,경창산업
217190,제너셈
361570,알비더블유
246690,TS인베스트먼트
28513K,SK케미칼우
52670,제일바이오
2760,보락
27580,상보
950,전방
279600,미디어젠
318160,셀바이오휴먼텍
19540,일지테크
900340,윙입푸드
37330,인지디스플레
173940,에프엔씨엔터
725,현대건설우
4920,씨아이테크
96630,에스코넥
464280,티디에스팜
440290,HB인베스트먼트
8250,이건산업
90080,평화산업
87600,픽셀플러스
33130,디지틀조선
68050,팬엔터테인먼트
5305,롯데칠성우
25750,한솔홈데코
900110,이스트아시아홀딩스
376290,씨유테크
450520,인스웨이브
420570,제이투케이바이오
4410,서울식품
73110,엘엠에스
359090,씨엔알리서치
25620,제이준코스메틱
56730,CNT85
59270,해성에어로보틱스
53620,태양
66910,손오공
5670,푸드웰
100030,인지소프트
80010,이상네트웍스
37030,파워넷
99520,DGI
8870,금비
134790,시디즈
456570,아이엠지티
430690,한싹
57030,YBM넷
6740,영풍제지
219420,링크제니시스
27740,마니커
78890,가온그룹
92780,DYP
37760,쎄니트
245620,EDGC
38010,제일테크노스
465770,STX그린로지스
57540,옴니시스템
56700,신화인터텍
69540,빛과전자
187790,나노
24950,삼천리자전거
299170,더블유에스아이
2880,대유에이텍
58730,다스코
474610,RF시스템즈
321370,센서뷰
97870,효성오앤비
3080,SB성보
323350,다원넥스뷰
290380,대유
150900,파수
118000,메타케어
219550,디와이디
290720,푸드나무
51490,나라엠앤디
273060,와이즈버즈
363260,모비데이즈
321260,프로이천
239340,이스트에이드
25530,SJM홀딩스
38870,에코바이오
23350,한국종합기술
290740,액트로
17180,명문제약
1620,케이비아이동국실업
123700,SJM
36170,에이치엠넥스
44960,이글벳
220180,핸디소프트
88130,동아엘텍
336060,웨이버스
66430,아이로보틱스
184230,SGA솔루션즈
109080,옵티시스
239890,피엔에이치테크
1465,BYC우
52770,아이톡시
8370,원풍
351330,이삭엔지니어링
377220,프롬바이오
97800,윈팩
88910,동우팜투테이블
170790,파이오링크
82210,옵트론텍
313760,캐리
217480,에스디생명공학
69410,엔텔스
9810,플레이그램
217500,러셀
270870,뉴트리
418620,E8
46390,삼화네트웍스
352910,오비고
39290,인포뱅크
65370,위세아이텍
104040,대성파인텍
198080,캐프
46970,우리로
413630,씨피시스템
52300,오션인더블유
43200,파루
7610,선도전기
69730,DSR제강
49830,승일
36180,지더블유바이텍
56360,코위버
452160,제이엔비
6980,우성
303360,프로티아
19175,신풍제약우
52900,KX하이텍
6125,SK디스커버리우
314140,알피바이오
2410,범양건영
33170,시그네틱스
131100,티엔엔터테인먼트
109820,진매트릭스
123570,이엠넷
52600,한네트
40160,누리플렉스
114450,그린생명과학
318410,비비씨
100590,머큐리
221840,하이즈항공
37370,EG
14190,원익큐브
271830,팸텍
33540,파라텍
2360,SH에너지화학
46940,우원개발
122350,삼기
19180,티에이치엔
92300,현우산업
294090,이오플로우
462980,아이지넷
37550K,DL이앤씨우
33200,모아텍
263920,휴엠앤씨
495900,에이엠시지
277410,인산가
304840,피플바이오
153460,네이블
440320,오픈놀
96610,알에프세미
14570,고려제약
242040,나무기술
340810,시선AI
900300,오가닉티코스메틱
103840,우양
256150,한독크린텍
122690,서진오토모티브
53160,프리엠스
464580,닷밀
33560,블루콤
16100,리더스코스메틱
434480,모니터랩
91590,남화토건
460470,아이빔테크놀로지
16600,큐캐피탈
8420,문배철강
60850,영림원소프트랩
258610,케일럼
99390,브레인즈컴퍼니
53950,경남제약
263770,유에스티
42040,케이피엠테크
10600,웰바이오텍
900310,컬러레이
32860,더라미
26040,제이에스티나
140520,대창스틸
9320,아진전자부품
263810,상신전자
360350,코셈
354200,엔젠바이오
64520,테크엘
43340,에쎈테크
66900,디에이피
106080,케이이엠텍
75130,플랜티넷
3475,유안타증권우
159010,아스플로
49180,셀루메드
117670,알파칩스
448740,삼성스팩8호
262840,아이퀘스트
340440,세림B&G
96690,에이루트
238090,앤디포스
238120,얼라인드
17040,광명전기
133750,메가엠디
86040,바이오톡스텍
178780,일월지엠엘
50860,아세아텍
46310,백금T&A
327260,RF머트리얼즈
19490,엑시큐어하이트론
82660,코스나인
3465,유화증권우
438700,버넥트
26940,부국철강
303530,이노뎁
140430,카티스
317530,캐리소프트
126640,화신정공
215,DL우
23960,에쓰씨엔지니어링
424980,마이크로투나노
357430,마스턴프리미어리츠
49120,파인디앤씨
383930,디티앤씨알오
368600,아이씨에이치
114630,폴라리스우노
99410,동방선기
308170,씨티알모빌리티
85910,네오티스
203450,유니온바이오메트릭스
190650,코리아에셋투자증권
19770,서연탑메탈
22220,티케이지애강
195500,마니커에프앤지
145270,케이탑리츠
221980,케이디켐
25880,케이씨피드
351320,넥사다이내믹스
446070,유니드비티플러스
38620,위즈코프
337840,유엑스엔
101240,씨큐브
36690,코맥스
32960,동일기연
212560,네오오토
65440,이루온
32790,엠젠솔루션
115160,휴맥스
129890,앱코
2290,삼일기업공사
322780,코퍼스코리아
48470,대동스틸
464500,아이언디바이스
418250,시큐레터
51390,YW
900100,애머릿지
20760,일진디스플
128540,에코캡
376980,원티드랩
13810,스페코
25560,미래산업
900270,헝셩그룹
6050,국영지앤엠
75970,동국알앤에스
452300,캡스톤파트너스
270210,에스알바이오텍
1000,신라섬유
417180,핑거스토리
24940,PN풍년
100660,서암기계공업
45060,오공
94970,제이엠티
274400,이노시뮬레이션
69640,한세엠케이
179530,애드바이오텍
254120,자비스
200780,비씨월드제약
353590,오토앤
406820,뷰티스킨
318000,KBG
288980,모아데이타
6570,대림통상
88290,이원컴포텍
434190,탈로스
31310,아이즈비전
189330,씨이랩
104200,NHN벅스
123840,뉴온
72770,율호
222980,한국맥널티
109670,씨싸이트
306040,에스제이그룹
109070,주성코퍼레이션
18700,바른손
12280,영화금속
308100,형지글로벌
457600,벡트
51630,진양화학
14130,한익스프레스
137080,나래나노텍
138070,신진에스엠
53290,NE능률
9460,한창제지
387570,파인메딕스
81580,성우전자
290120,DH오토리드
263020,디케이앤디
24120,KB오토시스
363250,진시스템
89790,제이티
25440,DH오토웨어
11080,형지I&C
52460,아이크래프트
32750,삼진
38060,루멘스
225220,제놀루션
72950,빛샘전자
373170,엠아이큐브솔루션
20180,대신정보통신
49080,기가레인
332290,누보
177830,파버나인
298060,에스씨엠생명과학
2870,신풍
88280,쏘닉스
23150,MH에탄올
475660,에스켐
130500,GH신소재
21650,한국큐빅
286750,나노실리칸첨단소재
227610,아우딘퓨쳐스
12200,계양전기
238490,힘스
169330,엠브레인
222420,쎄노텍
49800,우진플라임
228340,동양파일
10640,진양폴리
307280,원바이오젠
348030,모비릭스
83550,케이엠
71850,캐스텍코리아
257370,피엔티엠에스
372800,아이티아이즈
5360,모나미
285800,진영
18680,서울제약
327610,펨토바이오메드
356890,싸이버원
900260,로스웰
127710,아시아경제
148930,에이치와이티씨
328380,솔트웨어
4270,남성
95910,에스에너지
10420,한솔PNS
80520,오디텍
452980,신한제11호스팩
11090,에넥스
5030,부산주공
66360,체리부로
32580,피델릭스
3535,한화투자증권우
226340,본느
367000,플래티어
2820,SUN&L
38950,파인디지털
257990,나우코스
79170,한창산업
74610,이엔플러스
296640,이노룰스
5320,온타이드
139670,키네마스터
4365,세방우
24890,대원화성
119500,포메탈
8775,호텔신라우
189860,서전기전
187270,신화콘텍
86060,진바이오텍
131220,대한과학
250030,진코스텍
377330,이지트로닉스
143210,핸즈코퍼레이션
5820,원림
50120,ES큐브
79000,와토스코리아
35620,바른손이앤에이
373110,엑셀세라퓨틱스
115480,씨유메디칼
19660,글로본
431190,케이쓰리아이
138360,협진
76080,웰크론한텍
196490,디에이테크놀로지
59100,아이컴포넌트
284620,카이노스메드
354390,바스칸바이오제약
398120,에스지헬스케어
67170,오텍
1840,이화공영
60540,에스에이티
33250,체시스
1810,무림SP
335810,프리시젼바이오
760,이화산업
415380,스튜디오삼익
362990,드림인사이트
153490,우리이앤엘
405920,나라셀라
68940,셀피글로벌
469750,아이비젼웍스
1070,대한방직
6200,한국전자홀딩스
290270,휴네시온
32680,소프트센
333050,모코엠시스
252500,세화피앤씨
303030,지니틱스
221800,유투바이오
12620,원일특강
35200,프럼파스트
2070,비비안
131760,파인텍
347770,핌스
115530,씨엔플러스
6920,모헨즈
208640,썸에이지
146060,율촌
52860,아이앤씨
145210,다이나믹디자인
51380,피씨디렉트
34940,조아제약
58110,멕아이씨에스
432980,엠에프씨
47080,한빛소프트
7770,한일화학
33626L,두산퓨얼셀2우B
267790,배럴
176590,코나솔
67010,이씨에스
90370,메타랩스
123010,아이윈플러스
131090,시큐브
16670,디모아
8470,부스타
193250,링크드
312610,에이에프더블류
1140,국보
2420,세기상사
89140,넥스턴바이오
187220,디티앤씨
60230,소니드
16920,카스
2690,동일제강
419540,비스토스
258790,소프트캠프
291650,압타머사이언스
495810,유비씨
159910,에코글로우
355690,에이텀
9140,경인전자
68100,케이웨더
45300,성우테크론
13000,세우글로벌
38530,케이바이오
80470,성창오토텍
192390,윈하이텍
318010,팜스빌
137940,넥스트아이
335870,윙스풋
67730,로지시스
113810,디젠스
3680,한성기업
17000,신원종합개발
44380,주연테크
33637K,솔루스첨단소재1우
276730,한울앤제주
90150,아이윈
36480,대성미생물
91340,S&K폴리텍
405000,플라즈맵
227420,도부
48770,TPC
110020,전진바이오팜
45510,정원엔시스
198940,한주라이트메탈
24070,WISCOM
331520,밸로프
310870,디와이씨
196450,코아시아씨엠
79650,서산
89230,THE E&M
246250,에스엘에스바이오
131180,딜리
40,KR모터스
85810,알티캐스트
60900,DGP
35460,기산텔레콤
451700,엔에이치스팩29호
200580,메디쎄이
31510,오스템
37400,우리엔터프라이즈
21040,대호특수강
32080,아즈텍WB
1420,태원물산
206950,볼빅
7120,미래아이앤지
214610,더바이오메드
12170,아센디오
240600,유진테크놀로지
237750,피앤씨테크
238200,비피도
162120,루켄테크놀러지스
71950,코아스
33050,제이엠아이
232830,아이티센피엔에스
412350,레이저쎌
60380,동양에스텍
39310,세중
18620,우진비앤지
84870,TBH글로벌
143540,영우디에스피
15020,이스타코
23770,플레이위드
276040,스코넥
154030,아시아종묘
30720,동원수산
297570,알로이스
12340,뉴인텍
133820,화인베스틸
290520,신도기연
353190,휴럼
45520,크린앤사이언스
197140,디지캡
102950,아하
8600,윌비스
429270,시지트로닉스
343090,HLB사이언스
3495,대한항공우
208710,포톤
215380,우정바이오
78590,휴림에이텍
93380,풍강
00499K,롯데지주우
14910,성문전자
76340,지에이이노더스
331920,셀레믹스
43220,티에스넥스젠
311060,엘에이티
291810,핀텔
192410,오늘이엔엠
98660,에스티오
222670,플럼라인생명과학
199730,바이오인프라
352940,인바이오
216400,인바이츠바이오코아
217620,선샤인푸드
289010,아이스크림에듀
121850,코이즈
217880,틸론
446440,에피바이오텍
5110,한창
900070,글로벌에스엠
83640,인콘
5257,녹십자홀딩스2우
464680,KB제27호스팩
225590,패션플랫폼
2025,코오롱우
377460,위니아에이드
368970,오에스피
28080,휴맥스홀딩스
2210,동성제약
389680,유디엠텍
115570,스타플렉스
32800,판타지오
290560,신시웨이
65420,에스아이리소스
243870,아이티센코어
19685,대교우B
76610,해성옵틱스
101400,엔시트론
229000,젠큐릭스
2680,한탑
14100,메디앙스
70590,한솔인티큐브
50760,에스폴리텍
208350,지란지교시큐리티
365900,브이씨
84670,동양고속
73190,듀오백
88790,진도
94860,네오리진
54940,엑사이엔씨
44780,에이치케이
139050,BF랩스
32280,삼일
361670,삼영에스앤씨
1685,대상우
191600,블루탑
1770,SHD
403360,라피치
154040,다산솔루에타
204630,스튜디오산타클로스
53060,세동
103230,에스앤더블류
247660,나노씨엠에스
207490,에이펙스인텍
147760,피엠티
344860,이노진
39740,한국정보공학
317860,노드메이슨
91970,나노캠텍
246960,SCL사이언스
25870,신라에스지
65150,대산F&B
84440,유비온
317240,TS트릴리온
258830,세종메디칼
9620,삼보산업
900120,씨엑스아이
233250,메디안디노스틱
65170,비엘팜텍
9310,참엔지니어링
15260,에이엔피
2355,넥센타이어1우B
17250,인터엠
73540,에프알텍
80720,한국유니온제약
134060,이퓨쳐
54220,비츠로시스
25890,한국주강
230980,비유테크놀러지
215480,토박스코리아
54090,삼진엘앤디
43360,디지아이
322970,무진메디
54410,케이피티유
69140,누리플랜
19570,플루토스
341170,퓨쳐메디신
60260,뉴보텍
169670,코스텍시스템
48830,엔피케이
50090,비케이홀딩스
196700,웹스
449020,유안타제13호스팩
18064K,한진칼우
60480,국일신동
115610,이미지스
275630,에스에스알
130740,티피씨글로벌
67770,세진티에스
379390,이성씨엔아이
63760,이엘피
65770,CS
177350,베셀
336040,타스컴
8290,원풍물산
179720,머니무브
302920,더콘텐츠온
70300,엑스큐어
108675,LX하우시스우
10400,우진아이엔에스
149010,아이케이세미콘
20400,대동금속
35290,골드앤에스
191410,육일씨엔에쓰
43590,웰킵스하이텍
331660,한국미라클피플사
123750,알톤
466910,엔에이치스팩30호
106240,파인테크닉스
101680,한국정밀기계
51780,큐로홀딩스
27040,서울전자통신
215790,이노인스트루먼트
87,하이트진로2우B
7815,코리아써우
79190,케스피온
83470,이엠앤아이
31860,디에이치엑스컴퍼니
26910,광진실업
121890,에스디시스템
188260,세니젠
241820,피씨엘
454750,하나28호스팩
35320K,대덕전자1우
424760,벨로크
52960,태양3C
9440,KC그린홀딩스
152550,한국ANKOR유전
225430,케이엠제약
478780,대신밸런스제18호스팩
96870,엘디티
477380,미래에셋비전스팩4호
5725,넥센우
482680,미래에셋비전스팩7호
250930,예선테크
1795,대한제당우
69330,유아이디
92600,앤씨앤
33637L,솔루스첨단소재2우B
58450,한주에이알티
79950,인베니아
476710,타조엔터테인먼트
204210,스타에스엠리츠
106520,노블엠앤비
457630,대신밸런스제16호스팩
86220,광동헬스바이오
23790,동일스틸럭스
317120,라닉스
368030,창대정밀
477340,에이치엠씨제7호스팩
430220,신영스팩8호
254160,제이엠멀티
469880,하나30호스팩
65690,파커스
224060,더코디
227100,퀀텀온
44180,KD
278990,EMB
351020,미쥬
479880,한국제15호스팩
199150,데이터스트림즈
446190,미래에셋비전스팩2호
208850,이비테크
473050,유안타제15호스팩
4255,NPC우
478440,미래에셋비전스팩6호
140910,에이리츠
456190,큐라켐
341310,이앤에치
8500,일정실업
352770,셀레스트라
489480,키움제11호스팩
145995,삼양사우
32980,바이온
30350,드래곤플라이
251280,안지오랩
38380K,LX홀딩스1우
1067,JW중외제약2우B
233990,질경이
75,삼양홀딩스우
471050,대신밸런스제17호스팩
279060,이노벡스
481890,엔에이치스팩31호
44480,빌리언스
489730,디비금융제13호스팩
446840,키움제8호스팩
478390,KB제29호스팩
390110,애니메디솔루션
54180,메디콕스
0037T0,KB제32호스팩
446750,하나26호스팩
224760,엔에스컴퍼니
84695,대상홀딩스우
54630,에이디칩스
492220,KB제31호스팩
482520,교보16호스팩
289170,바이오텐
65570,삼영이엔씨
238170,엔에스엠
477760,DB금융스팩12호
482690,대신밸런스제19호스팩
448370,하나27호스팩
174880,장원테크
474660,신한제12호스팩
469900,하나31호스팩
477470,미래에셋비전스팩5호
445970,신영스팩9호
487360,신한제14호스팩
225,유유제약1우
496070,신한제16호스팩
93510,엔지브이아이
454640,하나29호스팩
253610,루트락
3075,코오롱글로벌우
4835,덕성우
474490,유안타제16호스팩
03481K,해성산업1우
4105,태양금속우
446150,유안타제12호스팩
244880,나눔테크
486630,KB제30호스팩
224810,엄지하우스
444920,유안타제11호스팩
178600,대동고려삼
452670,상상인제4호스팩
493790,유안타제17호스팩
489210,교보17호스팩
448830,미래에셋비전스팩3호
0004Y0,디비금융제14호스팩
45014K,코오롱모빌리티그룹우
223220,로지스몬
185190,수프로
00806K,대덕1우
455310,한화플러스제4호스팩
455910,에스케이증권제9호스팩
450050,하이제8호스팩
472220,신영스팩10호
1065,JW중외제약우
447690,아이오바이오
478110,이베스트스팩6호
448760,IBKS제22호스팩
202960,판도라티비
498390,한화플러스제5호스팩
6345,대원전선우
65060,지엔코
488060,유진스팩11호
189350,코셋
442770,IBKS제21호스팩
450940,유안타제14호스팩
258050,테크트랜스
484130,하나34호스팩
467930,IBKS제23호스팩
455250,KB제25호스팩
445360,비엔케이제1호스팩
464440,한국제13호스팩
469480,IBKS제24호스팩
456490,교보14호스팩
468760,유진스팩10호
458610,한국제12호스팩
1755,한양증권우
473950,에스케이증권제13호스팩
244460,올리패스
1515,SK증권우
487830,신한제15호스팩
462020,에이치엠씨제6호스팩
487720,키움제10호스팩
266870,파워풀엑스
465320,교보15호스팩
112190,KC산업
473370,비엔케이제2호스팩
472230,에스케이증권제11호스팩
4985,성신양회우
0041J0,엘에스스팩1호
238500,로보쓰리에이아이
114920,대주이엔티
325,노루홀딩스우
475250,하나33호스팩
26490K,크라운제과우
474930,신한제13호스팩
236340,메디젠휴먼케어
332190,오션스바이오
36328K,티와이홀딩스우
212310,오건에코텍
311960,인터로이드
234070,에이원알폼
103660,씨앗
66830,제노텍
199290,바이오프로테크
457940,에스케이증권제10호스팩
90355,노루페인트우
79970,투비소프트
475240,하나32호스팩
473000,에스케이증권제12호스팩
45226K,한화갤러리아우
92590,럭스피아
60240,스타코링크
545,흥국화재우
7575,일양약품우
456700,길교이앤씨
448780,마이크로엔엑스
145,하이트진로홀딩스우
266470,바이오인프라생명과학
276240,엘리비젼
267080,세븐브로이맥주
402420,켈스
5745,크라운해태홀딩스우
116100,태양기계
136660,큐엠씨
296520,가이아코퍼레이션
318660,타임기술
101390,아이엠
346010,타이드
266350,팡스카이
43090,더테크놀로지
14825,동원시스템즈우
217910,에스제이켐
00781K,코리아써키트2우B
208890,미래엔에듀파트너
5965,동부건설우
4545,깨끗한나라우
299480,지앤이헬스케어
121060,유니포인트
86460,큐러블
14285,금강공업우
12205,계양전기우
8355,남선알미우
266170,뿌리깊은나무들
9415,태영건설우
2995,금호건설우
11155,CJ씨푸드1우
227,유유제약2우B
413300,티엘엔지니어링
2785,진흥기업우B
4415,서울식품우
1525,동양우
1527,동양2우B
14915,성문전자우
32685,소프트센우
140660,위월드
21045,대호특수강우
2787,진흥기업2우B
215570,크로넥스
149300,아퓨어스
245450,씨앤에스링크
288490,나라소프트
236030,씨알푸드
308700,테크엔
217320,썬테크
